<?xml version="1.0" encoding="UTF-8"?>
<!DOCTYPE mapper
 PUBLIC "-//mybatis.org//DTO Mapper 3.0//EN"
"http://mybatis.org/dtd/mybatis-3-mapper.dtd">
<mapper namespace="com.base.mapper.NoticeMapper">

	<select id="getList" resultType="NoticeVO">
		select * from notice order by notice_num desc
	</select>
	
	<insert id="insert">
	insert INTO notice (notice_num, notice_title, notice_text, user_id)
	VALUES (notice_seq.nextval, #{noticeTitle}, #{noticeText}, #{userId})
	</insert>
	
	<insert id="insertSelectKey">
	
	<selectKey order="BEFORE" keyProperty="noticeNum" resultType="Long">
	select notice_seq.nextval from dual
	</selectKey>

	insert INTO notice (notice_num, notice_title, notice_text, user_id)
	VALUES (#{noticeNum}, #{noticeTitle}, #{noticeText}, #{userId})
	</insert>
	
	<select id="read"  resultType="NoticeVO">
	select * from notice where notice_num = #{noticeNum}
	</select>
	
	<delete id="delete">
	delete from notice where notice_num = #{noticeNum}
	</delete>
	
	<update id="update">
	update notice
	set notice_title = #{noticeTitle},
	notice_text = #{noticeText},
	user_id = #{userId},
	updatedate = sysdate
	where notice_num = #{noticeNum}
	</update>
	
</mapper>